,Well,Sample,Call,Type,RFU1,RFU2
,A01,Blank-old,Allele 1,Auto,168.817763820555,0.113528833006967
,A02,Blank-new,Allele 1,Auto,122.776387842816,-2.23889641117239
