,Well,Sample,Call,Type,RFU1,RFU2
,A01,Blank-old,Allele 1,Auto,142.982027520447,0.369874888729555
,A02,Blank-new,Allele 1,Auto,332.82040990275,1.53294847838515
